First Name,Last Name,Interest in Sport,Gender,Age,Distance,Level of Sport
Kim,Kelly,Basketball,Male,18,484,Professional
Brian,Evans,Hockey,Male,20,379,Professional
Bryan,Martin,Basketball,Male,38,193,Intermediate
Michele,Franklin,Tennis,Male,25,51,Professional
Amy,Davis,Weight lifting,Male,39,191,Amateur
Wanda,Fox,Kickball,Female,21,179,Intermediate
Lynn,Dorsey,Basketball,Female,27,100,Semi-Professional
Christopher,Allen,Tennis,Male,18,416,Intermediate
Angela,Jimenez,Basketball,Female,24,491,Intermediate
Richard,Rios,Hockey,Male,39,233,Intermediate
Carlos,Allen,Soccer,Male,33,300,Amateur
Ruth,Fry,Weight lifting,Male,36,23,Professional
Anna,Kent,Football,Female,31,334,Semi-Professional
Joshua,Harvey,Tennis,Male,20,289,Semi-Professional
Michael,Carney,Weight lifting,Male,26,436,Amateur
Joseph,Christian,Softball,Female,20,154,Semi-Professional
Michael,Marquez,Kickball,Male,39,314,Professional
Leslie,Brown,Weight lifting,Male,40,322,Amateur
Tyler,Bernard,Tennis,Female,23,157,Amateur
Stacy,Gray,Water Skiing,Male,39,286,Intermediate
Thomas,Murillo,Baseball,Female,30,441,Professional
Thomas,Campos,Basketball,Female,33,318,Professional
Brenda,Pena,Tennis,Female,40,88,Amateur
Meghan,Bradley,Kickball,Male,33,398,Amateur
Levi,Gonzales,Football,Female,30,355,Amateur
Dawn,Arnold,Tennis,Male,20,368,Professional
Thomas,Hunter,Kickball,Male,38,44,Semi-Professional
Tamara,Sanchez,Softball,Male,40,69,Intermediate
Rachel,Howard,Football,Male,23,52,Amateur
Mary,Wong,Soccer,Female,40,305,Semi-Professional
Clayton,Baker,Weight lifting,Female,31,488,Semi-Professional
Andrew,Monroe,Football,Male,22,96,Professional
Tammie,Carter,Basketball,Female,41,344,Semi-Professional
Mackenzie,Lopez,Hockey,Male,21,33,Semi-Professional
Hannah,Lewis,Football,Male,23,126,Intermediate
Ashley,Davis,Water Skiing,Male,27,128,Professional
Donald,Burgess,Soccer,Female,34,136,Professional
Meghan,Horn,Weight lifting,Female,26,267,Professional
David,Hayes,Kickball,Male,33,146,Amateur
Todd,Mitchell,Tennis,Male,24,220,Semi-Professional
Tammy,Johnston,Basketball,Male,20,12,Professional
Christina,Carter,Kickball,Male,41,273,Semi-Professional
Laurie,Green,Baseball,Male,41,486,Amateur
Lindsey,Dawson,Football,Female,36,459,Amateur
Jessica,Williams,Soccer,Male,22,452,Intermediate
Matthew,Cabrera,Weight lifting,Female,32,23,Intermediate
John,Orozco,Water Skiing,Male,33,454,Intermediate
Jane,Johnson,Baseball,Male,38,314,Amateur
Eric,Woods,Hockey,Female,20,350,Intermediate
Crystal,Schwartz,Water Skiing,Male,31,388,Semi-Professional
James,Jones,Tennis,Male,36,262,Semi-Professional
Robert,Hood,Water Skiing,Female,33,474,Amateur
David,Edwards,Water Skiing,Female,18,202,Intermediate
Gwendolyn,Hensley,Soccer,Female,31,417,Semi-Professional
Steven,Miller,Kickball,Male,38,30,Intermediate
Andrew,Snyder,Basketball,Male,27,53,Intermediate
Daniel,Jones,Basketball,Male,26,343,Semi-Professional
Mark,Jimenez,Hockey,Male,31,442,Amateur
Matthew,Norman,Football,Female,40,184,Semi-Professional
Ruth,Hernandez,Softball,Female,38,232,Professional
Laura,Smith,Baseball,Male,25,388,Professional
David,Stephens,Hockey,Male,19,371,Amateur
Richard,Kim,Kickball,Male,38,133,Intermediate
Jason,Taylor,Hockey,Female,41,143,Semi-Professional
Joseph,Patterson,Water Skiing,Male,23,227,Semi-Professional
Jennifer,Lang,Football,Female,23,145,Intermediate
John,Thompson,Football,Male,18,433,Amateur
Robert,Pena,Weight lifting,Female,25,178,Semi-Professional
Jacqueline,Underwood,Kickball,Female,21,421,Semi-Professional
Nancy,Cardenas,Baseball,Female,38,495,Professional
Amy,Leonard,Baseball,Female,32,224,Intermediate
Robert,Walker,Kickball,Female,22,213,Semi-Professional
Robert,Ellis,Softball,Female,33,232,Semi-Professional
Doris,Hendricks,Tennis,Female,30,146,Professional
Susan,Guzman,Kickball,Male,19,459,Semi-Professional
John,Smith,Baseball,Male,39,233,Amateur
Jennifer,Blair,Hockey,Male,27,298,Professional
Susan,Jenkins,Tennis,Male,30,124,Semi-Professional
Nathan,Gamble,Weight lifting,Male,32,319,Amateur
Eric,Hurley,Water Skiing,Female,26,358,Semi-Professional
Dustin,Dalton,Basketball,Female,20,171,Intermediate
Leslie,Stephens,Hockey,Male,19,442,Amateur
Margaret,Lopez,Soccer,Male,39,148,Intermediate
Angela,Hicks,Tennis,Female,34,47,Professional
Karen,Davenport,Weight lifting,Male,24,178,Amateur
Jennifer,Brown,Soccer,Female,40,406,Amateur
Julie,Jacobs,Hockey,Male,32,82,Amateur
Jonathan,Torres,Baseball,Female,41,58,Amateur
Christopher,Dominguez,Tennis,Female,29,432,Semi-Professional
Cynthia,Stein,Hockey,Female,29,301,Amateur
Joshua,Moreno,Water Skiing,Female,20,39,Amateur
Leslie,Arnold,Basketball,Male,30,77,Semi-Professional
Kent,Lopez,Water Skiing,Female,21,167,Semi-Professional
Sarah,Walton,Hockey,Male,36,202,Amateur
Michael,Gonzales,Baseball,Male,33,60,Intermediate
Michael,Richardson,Football,Female,18,91,Professional
Christina,Green,Weight lifting,Male,38,433,Professional
Drew,Hughes,Baseball,Female,33,386,Semi-Professional
Joanna,Johnston,Weight lifting,Female,32,268,Intermediate
Samuel,Floyd,Water Skiing,Female,26,422,Semi-Professional
Zachary,Oneal,Baseball,Female,25,383,Semi-Professional
Marie,Bennett,Kickball,Male,38,353,Intermediate
Dana,Smith,Football,Male,33,170,Professional
Alexander,Cooper,Basketball,Female,37,26,Intermediate
Dustin,Young,Kickball,Male,18,388,Professional
Michael,Conner,Weight lifting,Female,41,483,Amateur
Craig,Madden,Kickball,Male,22,325,Professional
Robin,Miller,Tennis,Male,36,128,Semi-Professional
Joseph,Leonard,Football,Female,41,49,Amateur
Kathy,Thompson,Hockey,Male,20,286,Amateur
Bonnie,Moyer,Basketball,Female,25,10,Intermediate
Johnny,Davis,Water Skiing,Female,29,76,Semi-Professional
Mary,Sharp,Water Skiing,Male,27,290,Intermediate
Michael,Mcknight,Tennis,Male,39,275,Amateur
Andrea,Rodriguez,Soccer,Male,33,320,Professional
Jason,Graves,Kickball,Male,29,112,Amateur
Jose,Henson,Kickball,Female,28,39,Intermediate
Nicholas,Schultz,Softball,Male,33,488,Amateur
Theresa,Vega,Basketball,Female,30,75,Intermediate
Jessica,Brooks,Baseball,Female,20,444,Amateur
Chris,Livingston,Baseball,Male,30,459,Amateur
Elizabeth,Gardner,Softball,Male,35,189,Professional
Carolyn,Santiago,Baseball,Female,34,305,Professional
Jennifer,Adkins,Hockey,Male,39,64,Amateur
James,Lee,Baseball,Female,32,193,Amateur
James,Cook,Baseball,Female,29,318,Intermediate
Jerry,Cummings,Tennis,Female,20,178,Professional
Christian,Mays,Hockey,Female,41,105,Intermediate
Nichole,Johnson,Football,Male,24,77,Semi-Professional
George,Campbell,Softball,Female,38,461,Intermediate
William,Hall,Football,Male,22,300,Intermediate
Lori,Browning,Water Skiing,Male,33,337,Amateur
Ariana,Moore,Basketball,Female,38,252,Semi-Professional
Marilyn,Hill,Tennis,Female,34,210,Intermediate
Robert,Shaw,Weight lifting,Male,23,89,Professional
Mark,Patel,Water Skiing,Male,31,108,Intermediate
John,Johnson,Kickball,Female,18,321,Semi-Professional
Jennifer,Thompson,Water Skiing,Female,20,483,Semi-Professional
Jessica,David,Softball,Male,41,232,Professional
Teresa,Gonzales,Kickball,Female,31,210,Intermediate
David,Meadows,Tennis,Male,34,438,Intermediate
Sonia,Warren,Baseball,Female,23,237,Intermediate
Keith,Carroll,Basketball,Female,25,101,Amateur
Kimberly,Hernandez,Baseball,Male,31,333,Professional
Carlos,Martinez,Baseball,Female,33,381,Professional
Joy,Thomas,Tennis,Male,41,275,Amateur
Travis,Carlson,Weight lifting,Male,41,438,Professional
Jonathan,Holloway,Basketball,Female,19,468,Intermediate
Walter,Garza,Football,Female,30,83,Amateur
Kristina,Reid,Soccer,Male,30,160,Semi-Professional
Lance,Duran,Basketball,Male,34,155,Amateur
Chad,Shaw,Soccer,Female,41,197,Intermediate
Bryan,Espinoza,Basketball,Male,28,126,Professional
Ronald,Lee,Weight lifting,Male,40,500,Intermediate
Michele,Archer,Basketball,Male,22,413,Intermediate
Stacey,Peters,Weight lifting,Male,31,469,Semi-Professional
Christine,Neal,Basketball,Female,37,305,Semi-Professional
Margaret,Contreras,Softball,Male,34,324,Semi-Professional
Carlos,Hubbard,Hockey,Female,26,74,Professional
Jerome,Sanders,Kickball,Male,23,233,Professional
Barry,Martinez,Football,Female,29,456,Amateur
Karen,Mitchell,Basketball,Female,24,128,Amateur
Charles,Patel,Softball,Female,19,71,Professional
Nathaniel,Cortez,Weight lifting,Female,25,5,Intermediate
Alex,Edwards,Water Skiing,Female,30,188,Semi-Professional
Allison,Hurst,Football,Male,34,198,Professional
Billy,Hart,Basketball,Male,28,75,Amateur
John,Montgomery,Tennis,Female,37,235,Professional
Maria,Allen,Football,Female,21,451,Semi-Professional
Joe,Cook,Hockey,Male,41,69,Intermediate
Tracy,Smith,Tennis,Male,22,101,Professional
David,Castro,Kickball,Male,29,449,Semi-Professional
Nicole,Alvarez,Weight lifting,Female,20,227,Semi-Professional
Ashley,Wilson,Basketball,Female,41,286,Professional
Jennifer,Herrera,Baseball,Female,29,117,Semi-Professional
Amber,Johnson,Softball,Female,26,181,Amateur
Charles,Lewis,Tennis,Female,36,421,Intermediate
Kayla,Parks,Weight lifting,Female,37,129,Amateur
Monica,Martin,Football,Male,30,473,Professional
Daniel,Fitzpatrick,Baseball,Male,36,357,Amateur
Mark,Escobar,Soccer,Female,26,196,Professional
Diane,Willis,Tennis,Male,28,250,Intermediate
Richard,Mendoza,Soccer,Male,23,428,Amateur
Kenneth,Armstrong,Soccer,Male,26,381,Intermediate
Jesse,Crawford,Baseball,Female,33,101,Intermediate
Alexandra,Campos,Tennis,Female,40,168,Intermediate
Christopher,Castillo,Softball,Male,38,447,Professional
Robin,Cole,Basketball,Female,39,494,Professional
Joe,Vaughn,Weight lifting,Male,34,356,Professional
Michael,Morgan,Basketball,Male,40,79,Amateur
Donald,Gonzalez,Basketball,Female,20,268,Semi-Professional
Abigail,French,Baseball,Male,24,212,Professional
Daniel,Baker,Soccer,Male,25,108,Amateur
Mary,Wong,Tennis,Female,40,457,Amateur
Andrew,Lindsey,Baseball,Male,22,264,Professional
Daniel,Bailey,Soccer,Female,38,361,Professional
Shane,Blair,Baseball,Female,33,201,Amateur
Arthur,Garza,Hockey,Male,25,183,Amateur
Elizabeth,Castillo,Soccer,Female,23,11,Semi-Professional
Henry,Johnson,Soccer,Female,34,491,Intermediate
Anna,Davis,Tennis,Female,32,310,Semi-Professional
Christina,Cline,Football,Female,27,229,Intermediate
Nathaniel,Mills,Hockey,Male,29,191,Amateur
Andrew,Case,Basketball,Female,29,262,Semi-Professional
Bryan,Parsons,Softball,Male,26,426,Semi-Professional
Kristina,Olson,Weight lifting,Female,34,272,Professional
Jeremy,Pacheco,Basketball,Female,36,23,Intermediate
Bobby,Strickland,Baseball,Male,21,270,Professional
Colleen,Kelly,Weight lifting,Male,21,258,Amateur
Michelle,Miller,Tennis,Female,25,15,Intermediate
Alvin,Henry,Water Skiing,Male,21,475,Amateur
Sherry,Ali,Baseball,Female,20,162,Amateur
Brenda,Williams,Softball,Male,33,415,Professional
Christopher,Baker,Football,Male,18,416,Intermediate
Nathaniel,Gallegos,Weight lifting,Female,38,398,Amateur
Nicholas,Russell,Soccer,Female,19,425,Semi-Professional
John,Erickson,Water Skiing,Female,32,183,Semi-Professional
Alan,Sutton,Weight lifting,Male,26,313,Semi-Professional
Matthew,Scott,Weight lifting,Male,36,31,Professional
Jacqueline,Swanson,Water Skiing,Male,31,92,Intermediate
Jennifer,Shaffer,Soccer,Female,33,83,Semi-Professional
Beverly,Medina,Hockey,Male,39,47,Professional
Justin,Rivera,Weight lifting,Female,29,48,Intermediate
Andrew,Davis,Softball,Male,34,192,Intermediate
Carrie,Jacobson,Hockey,Male,22,26,Amateur
Susan,Rojas,Weight lifting,Female,25,72,Intermediate
Paula,Davis,Football,Female,35,279,Semi-Professional
Jessica,Ford,Basketball,Female,36,63,Amateur
Suzanne,Benson,Hockey,Female,20,98,Amateur
Brian,Simpson,Softball,Male,34,148,Semi-Professional
Allison,Brown,Water Skiing,Male,27,53,Professional
Derek,Stephenson,Water Skiing,Male,35,114,Intermediate
Julian,Baker,Soccer,Male,41,64,Professional
April,Williams,Weight lifting,Female,27,438,Intermediate
Nicole,Griffin,Hockey,Female,31,203,Amateur
Douglas,Robinson,Water Skiing,Female,41,218,Semi-Professional
Matthew,Carson,Softball,Male,30,12,Semi-Professional
Robert,Wolf,Weight lifting,Female,20,243,Semi-Professional
Ashley,Moss,Weight lifting,Male,39,352,Intermediate
Michael,Bowman,Soccer,Male,29,208,Semi-Professional
Amanda,Anderson,Kickball,Male,26,283,Semi-Professional
Vicki,Morales,Football,Female,31,247,Amateur
Taylor,Conner,Soccer,Male,26,266,Amateur
Michelle,Gilbert,Basketball,Male,21,30,Professional
Julie,Castaneda,Softball,Female,36,463,Professional
Brittany,Guerrero,Soccer,Male,27,100,Professional
Troy,Shepard,Weight lifting,Female,27,30,Amateur
Megan,Ramos,Kickball,Female,22,145,Amateur
Crystal,Singh,Softball,Male,27,162,Semi-Professional
Michael,Peterson,Weight lifting,Female,23,500,Semi-Professional
John,Brooks,Hockey,Female,35,173,Semi-Professional
Dean,Brown,Hockey,Female,31,195,Semi-Professional
Raymond,Gonzalez,Tennis,Male,30,390,Semi-Professional
Alexandra,Pham,Baseball,Female,33,14,Intermediate
Vicki,Caldwell,Basketball,Male,31,177,Intermediate
Kelly,Bartlett,Basketball,Male,27,73,Semi-Professional
Gina,Bauer,Weight lifting,Female,20,162,Professional
Vanessa,Chandler,Tennis,Female,32,82,Intermediate
Martin,Jones,Basketball,Male,30,441,Intermediate
Jeremy,Juarez,Weight lifting,Male,18,39,Amateur
Hannah,Gomez,Softball,Male,23,34,Professional
Michael,Moody,Tennis,Female,40,487,Intermediate
Paul,Burke,Soccer,Male,21,72,Professional
Jill,Smith,Kickball,Male,40,50,Amateur
Alexis,Boyd,Softball,Female,31,191,Professional
Anna,Fritz,Baseball,Female,18,370,Intermediate
Megan,Carter,Hockey,Female,40,105,Intermediate
Meagan,Anderson,Basketball,Male,30,141,Professional
Natasha,Flynn,Basketball,Female,25,45,Professional
Hannah,Patrick,Tennis,Female,32,160,Intermediate
Mary,Wells,Kickball,Female,36,251,Professional
Jillian,Francis,Tennis,Female,22,404,Intermediate
Jesus,Giles,Kickball,Female,25,425,Semi-Professional
Kathryn,Ortiz,Football,Male,39,435,Intermediate
Gary,Ramirez,Water Skiing,Male,18,430,Professional
Troy,Vasquez,Football,Female,26,31,Semi-Professional
Rachel,Collins,Football,Male,36,433,Intermediate
Lisa,Heath,Hockey,Female,29,345,Semi-Professional
Samantha,Mullins,Water Skiing,Female,33,480,Professional
Timothy,Adams,Hockey,Male,32,422,Professional
Valerie,Taylor,Weight lifting,Female,34,211,Intermediate
Derek,Ferguson,Basketball,Female,21,373,Intermediate
Annette,Chavez,Football,Male,29,4,Amateur
Alex,Wilson,Tennis,Female,37,498,Semi-Professional
Denise,Hubbard,Football,Male,36,258,Professional
Diana,Peterson,Basketball,Male,38,437,Intermediate
Jordan,Lee,Football,Male,37,487,Amateur
Harold,Ward,Basketball,Female,29,184,Amateur
Laura,Stewart,Water Skiing,Female,27,250,Amateur
Steven,Thompson,Soccer,Male,28,128,Intermediate
Edwin,Carson,Softball,Female,26,336,Intermediate
Martin,Mills,Water Skiing,Female,25,289,Amateur
Robert,Barnes,Softball,Female,24,57,Professional
Mitchell,Mercado,Water Skiing,Female,40,433,Professional
Sarah,Jackson,Hockey,Male,37,248,Amateur
Anne,Moore,Baseball,Female,41,136,Intermediate
Christina,Evans,Softball,Female,31,462,Amateur
Nicole,Weaver,Football,Male,30,384,Professional
Robert,Brown,Softball,Male,22,240,Semi-Professional
James,Walker,Baseball,Female,18,395,Amateur
Devin,Williams,Water Skiing,Male,37,16,Amateur
Caroline,Houston,Tennis,Female,40,177,Professional
Catherine,Bartlett,Weight lifting,Male,36,125,Professional
Suzanne,Hubbard,Basketball,Male,27,281,Professional
Kelly,Rasmussen,Basketball,Female,32,175,Intermediate
Bailey,Baker,Baseball,Female,38,458,Amateur
Kendra,Oneill,Weight lifting,Male,31,418,Intermediate
Cynthia,Haas,Softball,Female,25,441,Semi-Professional
Patricia,Coleman,Football,Female,22,226,Intermediate
Donna,Lee,Softball,Female,18,319,Semi-Professional
Bryan,Lara,Basketball,Male,26,176,Semi-Professional
Jared,Flores,Kickball,Female,25,336,Professional
Sara,Ruiz,Hockey,Male,41,438,Intermediate
James,Lester,Hockey,Male,18,94,Professional
Robert,Moyer,Basketball,Male,38,62,Professional
Christian,Jones,Football,Male,35,202,Intermediate
Valerie,Miller,Water Skiing,Female,39,188,Intermediate
Joe,Mitchell,Tennis,Female,23,377,Semi-Professional
Carrie,Brown,Football,Female,30,348,Professional
David,Johnson,Baseball,Female,33,292,Amateur
Samantha,Owens,Baseball,Male,23,412,Semi-Professional
Robert,Harris,Softball,Male,29,67,Intermediate
Donna,Jensen,Basketball,Male,25,34,Intermediate
Emily,King,Baseball,Female,30,344,Semi-Professional
Chelsey,Ford,Softball,Female,27,471,Professional
Christopher,Hampton,Water Skiing,Male,39,152,Semi-Professional
Larry,Clark,Weight lifting,Male,26,370,Professional
Micheal,Frazier,Football,Male,37,205,Professional
Omar,Clark,Basketball,Male,19,148,Intermediate
James,Moore,Basketball,Female,23,69,Intermediate
Julie,Wilson,Softball,Male,19,488,Amateur
Anthony,Pugh,Basketball,Female,37,299,Intermediate
Kevin,Johnson,Soccer,Female,37,362,Semi-Professional
David,Brady,Water Skiing,Female,18,230,Semi-Professional
Evan,Thomas,Football,Female,40,251,Intermediate
Nicole,Fernandez,Hockey,Male,37,446,Intermediate
Angel,Novak,Football,Female,30,250,Professional
Michael,Collins,Hockey,Male,18,350,Intermediate
Angela,Tucker,Baseball,Female,39,444,Professional
Penny,Shaw,Kickball,Female,29,250,Professional
Cheryl,Luna,Baseball,Male,36,130,Amateur
Emily,Howe,Tennis,Female,28,437,Amateur
Jose,Davis,Kickball,Male,19,478,Professional
Stephen,Watson,Tennis,Female,32,337,Amateur
Donna,Hill,Softball,Female,33,474,Amateur
Courtney,Jennings,Basketball,Female,25,201,Semi-Professional
David,Moody,Tennis,Male,28,115,Semi-Professional
Sara,Baxter,Water Skiing,Female,20,316,Intermediate
Brent,Ray,Soccer,Female,32,136,Amateur
Benjamin,Park,Softball,Male,27,243,Professional
David,Martin,Soccer,Male,25,480,Semi-Professional
Louis,Edwards,Soccer,Female,29,496,Professional
Brittany,Davis,Basketball,Male,37,409,Amateur
Jason,Taylor,Softball,Male,28,244,Amateur
David,Mcfarland,Basketball,Female,30,397,Amateur
Stephanie,Martinez,Weight lifting,Female,31,387,Intermediate
Cindy,Melton,Basketball,Male,33,329,Intermediate
Bobby,Reeves,Baseball,Female,26,243,Professional
Brittany,Mcguire,Football,Male,26,360,Amateur
Francisco,Fitzpatrick,Football,Female,32,96,Semi-Professional
Amanda,Tran,Kickball,Female,28,346,Semi-Professional
Mark,Lamb,Baseball,Male,37,116,Professional
Kristi,Patrick,Weight lifting,Male,39,299,Amateur
Donald,White,Soccer,Male,29,53,Intermediate
Jennifer,Diaz,Water Skiing,Male,25,320,Amateur
Katrina,Keith,Soccer,Male,34,329,Amateur
Janice,Thomas,Kickball,Male,24,20,Semi-Professional
Kathleen,Powers,Water Skiing,Female,18,453,Professional
Angela,Lin,Kickball,Male,20,461,Amateur
Luis,Anderson,Hockey,Male,32,160,Intermediate
Nicholas,Carter,Baseball,Male,18,426,Intermediate
Keith,Jimenez,Hockey,Male,32,337,Semi-Professional
Christine,Spencer,Hockey,Male,36,202,Amateur
Robin,Wood,Tennis,Female,40,231,Amateur
Joshua,Wiley,Kickball,Male,28,228,Intermediate
Brian,Park,Weight lifting,Male,37,398,Semi-Professional
Joshua,Bowen,Soccer,Male,41,138,Intermediate
Sarah,Vasquez,Hockey,Male,38,122,Professional
Zachary,Spencer,Hockey,Female,35,220,Semi-Professional
Tony,Gallagher,Kickball,Female,19,10,Professional
Larry,Tran,Football,Female,41,321,Intermediate
Steven,Henderson,Football,Female,22,396,Professional
Laurie,Lee,Weight lifting,Male,37,382,Amateur
Melissa,Snyder,Football,Male,20,78,Intermediate
James,Lam,Hockey,Female,33,85,Intermediate
Daniel,Beard,Tennis,Female,23,499,Amateur
Kristina,Garcia,Kickball,Male,35,479,Semi-Professional
Jennifer,Copeland,Basketball,Female,19,14,Semi-Professional
Krista,Ortiz,Softball,Female,34,266,Professional
David,Williams,Tennis,Female,37,484,Intermediate
Zoe,Robertson,Softball,Male,32,296,Intermediate
Stephanie,Colon,Weight lifting,Female,38,417,Professional
Catherine,Hamilton,Weight lifting,Female,24,326,Intermediate
Cynthia,Harris,Water Skiing,Female,19,285,Intermediate
Michael,Brown,Football,Female,38,198,Amateur
Robert,Fisher,Kickball,Male,39,146,Intermediate
Gerald,Vega,Hockey,Male,33,218,Amateur
Dale,Reed,Water Skiing,Male,19,41,Professional
Pamela,Goodwin,Kickball,Female,37,467,Professional
Stephanie,Cox,Softball,Female,28,127,Semi-Professional
Allison,Wilson,Football,Male,27,188,Amateur
Gregory,Hernandez,Football,Female,29,440,Intermediate
Kevin,Jennings,Basketball,Female,38,133,Professional
Gloria,Evans,Baseball,Male,25,262,Semi-Professional
Sheena,Ray,Water Skiing,Female,38,144,Semi-Professional
Catherine,Mora,Tennis,Male,27,140,Amateur
Zachary,Michael,Tennis,Female,23,185,Semi-Professional
Amy,Knight,Tennis,Male,27,292,Semi-Professional
Alexander,Weber,Hockey,Male,39,500,Professional
Lawrence,Randolph,Softball,Female,19,182,Professional
John,Jennings,Kickball,Male,38,34,Semi-Professional
John,Adams,Football,Female,29,453,Amateur
Savannah,Warner,Basketball,Female,26,263,Amateur
Natalie,Williams,Baseball,Female,19,245,Intermediate
Trevor,Quinn,Hockey,Female,34,442,Amateur
Daniel,Nielsen,Water Skiing,Male,38,270,Intermediate
Brittany,Porter,Kickball,Female,38,22,Professional
Mark,Lewis,Football,Male,33,450,Intermediate
Dennis,Valencia,Baseball,Male,36,237,Professional
Susan,Brock,Tennis,Male,22,122,Professional
Michael,Williamson,Kickball,Female,24,282,Amateur
Judith,Hall,Softball,Female,41,265,Professional
Carly,Good,Kickball,Female,41,81,Amateur
Tracy,Moore,Water Skiing,Female,37,123,Intermediate
David,Brewer,Weight lifting,Male,34,123,Amateur
Angela,Harper,Tennis,Male,25,354,Professional
Nicholas,Carter,Hockey,Male,38,459,Semi-Professional
Robert,White,Water Skiing,Male,21,338,Intermediate
Angela,Montgomery,Soccer,Female,22,248,Semi-Professional
Peter,Park,Basketball,Male,32,411,Semi-Professional
Stephanie,Gonzalez,Weight lifting,Male,36,120,Professional
Brandon,Ross,Softball,Female,22,209,Amateur
Nicole,Garcia,Soccer,Female,26,381,Amateur
Willie,Foster,Weight lifting,Female,18,272,Professional
Brianna,Hobbs,Baseball,Female,38,256,Intermediate
Kristin,Nelson,Kickball,Male,35,112,Semi-Professional
Kimberly,Bailey,Tennis,Female,34,191,Intermediate
Michael,Wilkins,Softball,Female,22,36,Semi-Professional
Melissa,Zimmerman,Hockey,Male,36,141,Professional
Courtney,Arellano,Hockey,Male,29,133,Intermediate
Anthony,Gregory,Softball,Male,23,427,Professional
Reginald,Johnson,Weight lifting,Male,34,495,Semi-Professional
Cindy,Mullen,Tennis,Female,29,335,Semi-Professional
Janice,York,Tennis,Female,23,400,Intermediate
Amber,Sanchez,Baseball,Male,21,466,Intermediate
Jorge,Turner,Kickball,Male,35,141,Semi-Professional
Dalton,Davis,Hockey,Female,37,215,Amateur
James,Stein,Tennis,Male,33,285,Semi-Professional
Katherine,Neal,Kickball,Male,23,135,Amateur
Amy,Ballard,Basketball,Male,19,116,Intermediate
Jeremiah,Miller,Softball,Male,41,101,Semi-Professional
Trevor,Adams,Kickball,Male,38,273,Professional
Ryan,Edwards,Weight lifting,Female,20,5,Semi-Professional
Brian,Johnson,Football,Male,19,74,Intermediate
James,Arias,Hockey,Female,39,167,Amateur
Paul,Smith,Basketball,Male,22,227,Professional
Shawna,Mcfarland,Kickball,Male,35,100,Semi-Professional
Frederick,Vega,Football,Male,27,334,Professional
Scott,Barton,Tennis,Male,31,278,Semi-Professional
Eric,Pierce,Kickball,Male,28,143,Intermediate
Mariah,Richards,Soccer,Female,35,422,Semi-Professional
Damon,Maxwell,Softball,Female,24,69,Professional
Jonathan,Morgan,Football,Female,40,452,Amateur
Amanda,Boyd,Water Skiing,Female,41,497,Amateur
Todd,Hart,Basketball,Male,29,352,Intermediate
Stephanie,Sullivan,Football,Female,20,139,Professional
Amanda,Williams,Football,Male,34,357,Intermediate
Gregory,Shields,Baseball,Male,20,123,Intermediate
Megan,Powers,Kickball,Male,38,352,Semi-Professional
Lisa,Mason,Softball,Male,19,407,Amateur
Joshua,Burke,Soccer,Male,39,500,Semi-Professional
Emily,Burnett,Kickball,Male,27,267,Professional
Kenneth,Fischer,Hockey,Female,20,161,Semi-Professional
Jill,Branch,Soccer,Male,33,33,Amateur
Kevin,Rodriguez,Football,Female,19,343,Intermediate
Sarah,Myers,Water Skiing,Male,24,418,Amateur
Michael,Meyer,Kickball,Male,25,316,Amateur
Susan,Bennett,Kickball,Female,19,55,Amateur
Melissa,Gonzalez,Football,Female,19,203,Amateur
Alicia,Smith,Soccer,Male,28,9,Semi-Professional
Terri,Washington,Water Skiing,Male,40,475,Intermediate
Melinda,Johnson,Tennis,Female,39,439,Semi-Professional
Alyssa,Peterson,Soccer,Female,38,180,Amateur
Laura,Walker,Hockey,Female,18,15,Amateur
Lauren,Anderson,Baseball,Male,24,160,Semi-Professional
James,Robles,Tennis,Female,37,421,Semi-Professional
Stacey,Hamilton,Soccer,Male,31,299,Intermediate
James,Moore,Soccer,Female,32,219,Semi-Professional
Alejandro,Johnson,Soccer,Male,23,172,Semi-Professional
Susan,Lopez,Water Skiing,Male,29,182,Professional
Dustin,Davis,Softball,Female,23,358,Professional
Curtis,Young,Baseball,Female,29,459,Intermediate
Sheri,Bailey,Baseball,Male,29,21,Amateur
Angela,Taylor,Football,Male,40,209,Professional
Melissa,Monroe,Soccer,Female,24,321,Semi-Professional
Megan,Mitchell,Basketball,Female,19,116,Semi-Professional
Joshua,Crawford,Soccer,Male,38,133,Intermediate
Ashley,Washington,Softball,Female,24,353,Semi-Professional
Marcus,Matthews,Hockey,Female,23,6,Amateur
Seth,Rose,Hockey,Female,31,46,Amateur
Dominique,Good,Water Skiing,Female,33,164,Intermediate
Kyle,Roach,Baseball,Female,36,455,Professional
Joe,Black,Baseball,Male,20,87,Professional
Kelly,Nicholson,Football,Male,23,480,Amateur
Denise,Jones,Tennis,Female,31,221,Intermediate
Bryce,Barrett,Hockey,Male,29,461,Amateur
Amanda,Gray,Baseball,Female,26,104,Professional
John,Carlson,Water Skiing,Female,34,326,Intermediate
Douglas,Vaughn,Football,Male,29,59,Intermediate
James,Hunter,Baseball,Male,33,447,Intermediate
Jessica,Henderson,Hockey,Male,26,479,Intermediate
Stephen,Brown,Hockey,Female,36,48,Semi-Professional
Daniel,Patel,Softball,Male,27,357,Amateur
David,Ortiz,Kickball,Female,34,421,Intermediate
Michelle,Warner,Kickball,Female,38,270,Intermediate
Christopher,Woods,Tennis,Female,35,318,Amateur
David,Sullivan,Softball,Male,37,133,Intermediate
Barbara,Jones,Kickball,Male,34,349,Amateur
Scott,Mcpherson,Weight lifting,Male,32,118,Professional
Mario,Davis,Football,Male,26,4,Amateur
Antonio,Young,Kickball,Male,32,472,Amateur
Jennifer,Evans,Weight lifting,Male,41,4,Intermediate
James,Jones,Baseball,Female,40,130,Amateur
Michelle,Ingram,Football,Female,35,387,Amateur
Shelby,Graham,Basketball,Male,38,86,Amateur
Michael,Doyle,Softball,Male,38,236,Amateur
Timothy,Chavez,Water Skiing,Female,31,390,Semi-Professional
Ashley,Trevino,Kickball,Male,19,186,Amateur
James,Liu,Soccer,Male,26,300,Amateur
Peter,Lewis,Hockey,Female,40,94,Amateur
John,Barrera,Basketball,Male,26,396,Amateur
Tanner,Jones,Water Skiing,Male,41,332,Semi-Professional
Brandi,Gallagher,Baseball,Male,34,363,Amateur
Tony,Fisher,Weight lifting,Female,20,121,Professional
Nathan,Jones,Football,Female,19,286,Professional
Andrew,Robertson,Soccer,Male,35,404,Semi-Professional
Benjamin,Alvarado,Baseball,Female,25,240,Professional
Michelle,Parker,Water Skiing,Female,24,288,Professional
Amy,Fox,Football,Female,32,288,Professional
Barry,Mcknight,Weight lifting,Female,36,388,Amateur
Jodi,Rose,Soccer,Male,28,20,Amateur
Michael,George,Hockey,Male,18,137,Semi-Professional
Matthew,Leblanc,Softball,Female,33,379,Semi-Professional
Anthony,Young,Weight lifting,Male,35,266,Intermediate
Linda,Meyer,Weight lifting,Male,24,104,Professional
Douglas,Harrison,Basketball,Female,18,141,Semi-Professional
Abigail,Ramirez,Hockey,Female,35,365,Amateur
Benjamin,Fernandez,Water Skiing,Male,39,474,Professional
Deanna,Meyers,Baseball,Male,24,238,Semi-Professional
Amy,Bender,Hockey,Male,26,423,Professional
Nicholas,Carter,Softball,Male,19,293,Professional
Daniel,Moore,Hockey,Male,26,157,Professional
Sean,Ramos,Baseball,Male,34,21,Intermediate
Frank,Zhang,Basketball,Male,22,392,Semi-Professional
Mark,Mccarthy,Kickball,Male,30,122,Amateur
April,Mcdaniel,Tennis,Female,39,197,Professional
Aaron,Adams,Softball,Female,37,437,Professional
Adam,Paul,Softball,Female,37,39,Intermediate
Steven,Owens,Water Skiing,Female,32,3,Intermediate
Theresa,White,Basketball,Female,26,207,Amateur
Andrew,Randolph,Soccer,Female,35,110,Professional
Beth,Brady,Baseball,Male,38,119,Intermediate
David,Blanchard,Soccer,Female,32,216,Amateur
Kimberly,Buchanan,Basketball,Male,38,406,Amateur
Daniel,Ross,Basketball,Female,25,346,Intermediate
Trevor,Garrett,Weight lifting,Female,29,70,Semi-Professional
Ana,Shaw,Basketball,Male,40,366,Semi-Professional
Roger,Allen,Tennis,Male,34,31,Semi-Professional
Melissa,Potter,Football,Female,40,232,Intermediate
Laura,Carlson,Weight lifting,Male,37,192,Amateur
Jeffery,Snyder,Basketball,Female,26,332,Professional
Nathaniel,Johnson,Soccer,Female,31,321,Intermediate
Adam,Lopez,Football,Male,32,9,Professional
Susan,Williamson,Football,Female,18,350,Semi-Professional
Kimberly,Bell,Baseball,Female,18,19,Intermediate
Bill,Holland,Kickball,Female,39,168,Intermediate
Vanessa,Cameron,Softball,Female,19,231,Semi-Professional
Kara,Preston,Tennis,Female,31,290,Intermediate
William,Craig,Hockey,Male,41,28,Professional
Carmen,Snow,Kickball,Male,19,100,Amateur
Kimberly,Porter,Football,Female,40,323,Professional
Jason,Gilbert,Soccer,Female,35,62,Amateur
Denise,Jackson,Hockey,Female,18,358,Professional
Todd,Miller,Baseball,Male,35,52,Intermediate
Diane,Martin,Softball,Male,39,133,Intermediate
Victor,Weaver,Softball,Female,31,57,Amateur
Andrea,Paul,Basketball,Male,29,338,Amateur
Tamara,Johnson,Water Skiing,Female,32,386,Intermediate
Melissa,Jefferson,Football,Female,18,202,Professional
Linda,Brock,Water Skiing,Male,36,133,Intermediate
Timothy,Mcbride,Soccer,Female,25,142,Professional
Sarah,Martinez,Basketball,Male,23,190,Intermediate
Amanda,Burns,Softball,Male,18,264,Professional
Victor,Cruz,Soccer,Male,32,212,Intermediate
Timothy,Weeks,Kickball,Female,37,251,Semi-Professional
Karen,Woods,Basketball,Female,30,60,Semi-Professional
Kathy,Watson,Baseball,Male,28,373,Semi-Professional
Vincent,Mann,Basketball,Male,26,248,Amateur
Christopher,Summers,Softball,Female,36,250,Amateur
Andrew,Patterson,Baseball,Female,26,395,Professional
Ryan,Smith,Football,Male,26,47,Amateur
Michelle,Green,Softball,Female,24,487,Intermediate
James,Jensen,Tennis,Male,29,216,Semi-Professional
Zachary,Sanchez,Baseball,Male,39,447,Semi-Professional
Paul,Martinez,Softball,Male,22,128,Professional
Sheena,Brown,Baseball,Female,22,429,Semi-Professional
Justin,Lowe,Kickball,Female,40,355,Professional
Amanda,Gordon,Softball,Male,33,150,Intermediate
James,Morton,Baseball,Female,24,252,Intermediate
Jacqueline,Cohen,Soccer,Male,31,223,Professional
Trevor,Taylor,Hockey,Female,32,417,Amateur
Teresa,Brown,Tennis,Male,36,102,Professional
Tyler,Tyler,Hockey,Female,39,242,Amateur
Hector,Jensen,Football,Female,23,359,Intermediate
Andrea,Brown,Basketball,Female,22,368,Professional
Michael,Sanders,Soccer,Female,31,420,Semi-Professional
Paula,Phillips,Water Skiing,Male,26,355,Semi-Professional
Sonya,Horton,Tennis,Male,24,14,Semi-Professional
Omar,Elliott,Softball,Female,22,297,Amateur
Nicholas,Garrett,Water Skiing,Female,25,181,Professional
Victoria,Patterson,Soccer,Male,39,482,Intermediate
Mark,Jennings,Softball,Male,34,311,Intermediate
Charles,Gentry,Weight lifting,Male,39,462,Professional
David,Calderon,Water Skiing,Male,25,35,Intermediate
Melissa,Sanchez,Tennis,Female,20,254,Semi-Professional
Madison,Sheppard,Hockey,Male,20,294,Amateur
Kim,Larsen,Soccer,Male,28,116,Amateur
Carol,Smith,Basketball,Female,24,451,Professional
Jesse,Nash,Football,Female,40,122,Professional
Tammy,Johnson,Kickball,Male,41,256,Semi-Professional
Matthew,Garza,Weight lifting,Female,25,302,Intermediate
Vanessa,Perez,Weight lifting,Female,26,275,Professional
Donna,Reynolds,Hockey,Female,23,295,Amateur
Brandi,Lee,Kickball,Male,39,294,Amateur
Jennifer,Frye,Football,Female,31,275,Semi-Professional
Rebecca,Wheeler,Kickball,Male,20,495,Semi-Professional
James,Wallace,Baseball,Female,22,322,Semi-Professional
Bonnie,Vasquez,Hockey,Female,40,286,Professional
Sara,Gibbs,Hockey,Female,31,335,Amateur
Aaron,Tyler,Tennis,Female,40,492,Semi-Professional
Gabriel,Washington,Basketball,Female,22,406,Amateur
Benjamin,Velez,Kickball,Female,30,111,Semi-Professional
Amanda,Butler,Baseball,Male,36,235,Amateur
Christopher,Brown,Baseball,Male,19,458,Intermediate
David,Mcdonald,Baseball,Female,22,177,Professional
Virginia,Sexton,Water Skiing,Male,33,477,Intermediate
Casey,Chavez,Weight lifting,Male,24,20,Intermediate
Robert,Beard,Water Skiing,Male,21,145,Amateur
Ryan,Smith,Tennis,Female,36,4,Semi-Professional
Brian,Wilson,Basketball,Female,18,124,Amateur
Lee,Mcclure,Water Skiing,Female,30,166,Semi-Professional
Andre,Walsh,Basketball,Male,21,416,Amateur
Curtis,Johnson,Hockey,Male,37,152,Semi-Professional
James,Whitney,Hockey,Male,19,482,Intermediate
Anthony,Lewis,Football,Female,37,135,Professional
Dustin,Ford,Weight lifting,Male,19,280,Semi-Professional
Matthew,Williams,Softball,Female,34,240,Intermediate
David,Douglas,Weight lifting,Female,23,192,Intermediate
Brandon,Molina,Football,Female,19,471,Intermediate
Walter,Crawford,Baseball,Female,41,139,Amateur
Tamara,Evans,Kickball,Female,24,124,Professional
Adam,Johnson,Hockey,Female,29,183,Professional
Benjamin,Gibson,Basketball,Female,28,447,Amateur
Danielle,Maddox,Hockey,Male,32,264,Semi-Professional
Heidi,Mccarty,Baseball,Female,23,486,Intermediate
Joseph,Clark,Kickball,Male,31,373,Semi-Professional
Brian,Perkins,Soccer,Female,18,471,Amateur
Rhonda,Casey,Tennis,Male,24,254,Professional
Jennifer,Robertson,Football,Male,21,455,Professional
Zachary,Pierce,Basketball,Male,31,187,Semi-Professional
Christopher,Shaffer,Kickball,Female,32,117,Professional
Madison,Manning,Kickball,Male,35,386,Intermediate
Christopher,Carroll,Weight lifting,Female,25,41,Professional
Mary,Cardenas,Football,Male,21,192,Intermediate
Colin,Bell,Kickball,Female,23,159,Intermediate
Amanda,Zimmerman,Baseball,Female,20,369,Amateur
Audrey,Brewer,Hockey,Female,29,268,Amateur
Lisa,Reynolds,Basketball,Male,23,192,Semi-Professional
Adam,Richards,Water Skiing,Female,35,451,Semi-Professional
Kenneth,Rodriguez,Basketball,Female,34,241,Amateur
Susan,Morrow,Baseball,Female,40,399,Amateur
Alexis,Fox,Kickball,Male,29,242,Semi-Professional
Nathan,Adams,Water Skiing,Female,39,111,Professional
Maria,Dennis,Hockey,Female,32,69,Professional
Leah,Barker,Hockey,Female,19,336,Amateur
Stephanie,Reynolds,Kickball,Male,21,456,Intermediate
William,Mitchell,Weight lifting,Male,35,181,Amateur
Evan,Smith,Soccer,Female,33,204,Semi-Professional
Kristin,Elliott,Football,Female,35,217,Professional
Courtney,Marsh,Football,Female,37,320,Intermediate
Thomas,Daniels,Tennis,Male,32,155,Semi-Professional
Michelle,Zimmerman,Basketball,Male,30,277,Intermediate
Brian,Carter,Weight lifting,Female,18,421,Semi-Professional
Trevor,Newton,Football,Male,32,488,Intermediate
Brenda,Johnson,Soccer,Male,36,69,Semi-Professional
Billy,Mckinney,Baseball,Female,21,199,Professional
Melanie,Mcdowell,Basketball,Female,21,471,Amateur
Amy,King,Water Skiing,Male,41,96,Amateur
Erin,Ramirez,Water Skiing,Male,30,311,Intermediate
Patricia,Knapp,Weight lifting,Female,26,296,Semi-Professional
Todd,Bryant,Kickball,Male,33,72,Professional
Kelly,Castillo,Basketball,Male,34,147,Semi-Professional
Mackenzie,Calhoun,Baseball,Male,26,395,Professional
Keith,Rogers,Football,Male,33,88,Professional
Joseph,Wheeler,Soccer,Female,21,96,Intermediate
Dawn,Fowler,Weight lifting,Female,30,3,Intermediate
Thomas,Mcpherson,Water Skiing,Male,38,285,Semi-Professional
Jacob,Gibson,Soccer,Female,24,158,Intermediate
Ashley,Burnett,Baseball,Male,32,211,Intermediate
John,Watson,Soccer,Female,31,363,Semi-Professional
Kenneth,Hill,Kickball,Male,37,88,Semi-Professional
Dave,Howell,Baseball,Male,34,20,Intermediate
Jennifer,Smith,Hockey,Male,36,227,Semi-Professional
Samantha,Nelson,Hockey,Male,26,13,Intermediate
Carrie,Harris,Tennis,Male,32,87,Semi-Professional
Michael,Spencer,Baseball,Male,24,14,Amateur
Margaret,Cole,Softball,Male,31,171,Semi-Professional
Brian,Phillips,Soccer,Male,31,211,Amateur
Nathan,Jackson,Football,Female,21,246,Semi-Professional
Dawn,Hughes,Basketball,Male,36,414,Amateur
Michelle,Morrow,Water Skiing,Male,28,86,Semi-Professional
Trevor,Fischer,Football,Female,31,64,Professional
Dawn,Moore,Softball,Female,19,211,Intermediate
Abigail,Lewis,Tennis,Male,21,303,Semi-Professional
Norma,Green,Basketball,Male,29,72,Amateur
Sarah,Walker,Kickball,Male,27,337,Professional
Brittney,Morgan,Weight lifting,Male,33,218,Intermediate
Cynthia,Powers,Kickball,Female,40,73,Professional
Dean,Wilson,Water Skiing,Female,39,339,Amateur
Tracy,Jenkins,Weight lifting,Female,24,458,Semi-Professional
Lucas,Snyder,Football,Female,32,341,Professional
Ashlee,Jones,Tennis,Male,27,9,Semi-Professional
Anthony,Cooper,Baseball,Female,30,207,Professional
Robert,Miller,Kickball,Female,20,368,Intermediate
Laura,Dunlap,Tennis,Female,35,160,Semi-Professional
Chase,Mcdaniel,Football,Male,38,263,Amateur
Amanda,Wright,Weight lifting,Female,39,21,Intermediate
Luis,Snyder,Baseball,Female,32,96,Amateur
Julie,Perez,Basketball,Male,26,57,Semi-Professional
Crystal,Mays,Tennis,Male,27,108,Intermediate
Kent,Henry,Baseball,Female,40,371,Intermediate
Michael,Ferrell,Basketball,Female,19,183,Professional
Wesley,Peck,Water Skiing,Female,26,409,Amateur
Evan,Roberts,Baseball,Female,28,55,Semi-Professional
Austin,Benjamin,Hockey,Male,28,220,Professional
Robert,Wong,Softball,Female,35,97,Professional
Anthony,Fischer,Hockey,Male,39,166,Semi-Professional
Joshua,Jefferson,Kickball,Male,36,409,Intermediate
Eric,Young,Baseball,Male,20,234,Semi-Professional
Stephen,Oconnor,Soccer,Female,39,186,Professional
Marco,Carpenter,Weight lifting,Female,20,357,Intermediate
Ashley,Lopez,Tennis,Female,23,463,Semi-Professional
Marcus,Smith,Kickball,Male,24,369,Professional
Lee,Kelley,Water Skiing,Male,28,113,Amateur
Adrian,Mann,Baseball,Male,40,16,Professional
Donna,Barron,Tennis,Female,22,142,Intermediate
Jonathan,Norton,Tennis,Female,37,356,Professional
James,Mitchell,Weight lifting,Male,41,267,Semi-Professional
Sean,Fry,Water Skiing,Male,22,126,Professional
Catherine,Collins,Football,Male,28,471,Professional
Michael,Ruiz,Football,Female,30,431,Intermediate
Janet,Jackson,Softball,Female,41,64,Semi-Professional
Scott,Murray,Kickball,Female,39,183,Semi-Professional
Brittany,Smith,Soccer,Female,40,150,Amateur
Sue,Patton,Football,Male,41,75,Intermediate
Henry,Watts,Kickball,Female,37,300,Amateur
Vanessa,Hernandez,Hockey,Male,32,113,Intermediate
Sarah,Jones,Water Skiing,Male,28,387,Professional
Erika,Owens,Softball,Male,21,482,Amateur
Dennis,Thomas,Kickball,Female,33,65,Professional
Leah,Walker,Hockey,Male,34,58,Amateur
Stacy,Meadows,Football,Male,31,456,Intermediate
Susan,Johnson,Basketball,Male,27,230,Semi-Professional
Michael,White,Water Skiing,Male,35,337,Amateur
Tammy,Mcintosh,Basketball,Female,36,191,Intermediate
Rachel,Gonzalez,Water Skiing,Female,18,312,Semi-Professional
Donna,Myers,Baseball,Female,40,148,Amateur
Megan,Contreras,Basketball,Female,38,34,Professional
Antonio,Graham,Softball,Female,27,150,Semi-Professional
Benjamin,Parker,Softball,Female,28,472,Amateur
Lori,Mitchell,Water Skiing,Female,35,410,Amateur
Donna,Walters,Football,Male,30,198,Professional
Laura,Brown,Water Skiing,Female,28,153,Intermediate
Cynthia,Santiago,Baseball,Male,18,385,Semi-Professional
Alison,Armstrong,Baseball,Male,39,193,Semi-Professional
Kristopher,Garcia,Basketball,Male,40,146,Amateur
Kelly,Sellers,Basketball,Female,27,421,Professional
Allison,Lewis,Football,Female,39,98,Professional
Lori,Ramirez,Kickball,Male,25,102,Professional
Samantha,Mendez,Tennis,Female,25,366,Amateur
Larry,Holt,Baseball,Female,36,241,Amateur
Robert,Crawford,Baseball,Male,36,413,Intermediate
Zachary,Kirk,Tennis,Male,34,395,Professional
Aaron,Haas,Weight lifting,Female,37,472,Intermediate
Laura,Carpenter,Tennis,Female,41,270,Semi-Professional
Lisa,Martin,Baseball,Female,18,90,Amateur
Krista,Flowers,Softball,Female,30,204,Intermediate
William,Williams,Basketball,Male,27,498,Amateur
Kyle,Young,Weight lifting,Female,36,498,Professional
Stephen,Barnes,Baseball,Male,32,270,Amateur
Felicia,Chavez,Kickball,Male,41,351,Professional
Gabriel,Brandt,Baseball,Female,20,387,Amateur
Maria,Baker,Basketball,Female,23,422,Intermediate
Michelle,Brown,Softball,Female,32,447,Professional
Douglas,Black,Hockey,Female,26,423,Professional
Elizabeth,Norman,Softball,Female,28,433,Professional
Brian,Johnson,Basketball,Female,19,148,Intermediate
Matthew,Cook,Tennis,Male,26,345,Semi-Professional
Douglas,Zamora,Tennis,Male,20,313,Professional
Joseph,Bush,Football,Female,27,276,Amateur
George,Rice,Water Skiing,Female,33,39,Intermediate
Angela,Kirk,Kickball,Male,41,300,Intermediate
Bradley,Harris,Baseball,Male,27,164,Professional
Edwin,Rivera,Soccer,Male,18,393,Intermediate
Donna,Parker,Tennis,Female,30,62,Professional
Krystal,Elliott,Tennis,Male,35,13,Intermediate
Mary,Thomas,Basketball,Female,39,177,Professional
Jeffrey,Cobb,Water Skiing,Male,33,479,Intermediate
Nathan,Murphy,Weight lifting,Male,23,57,Semi-Professional
Roy,Schmidt,Football,Female,34,207,Professional
Dan,Douglas,Softball,Female,27,115,Intermediate
Lisa,Boone,Tennis,Male,22,365,Amateur
Frank,Jones,Softball,Female,22,439,Professional
Joseph,Taylor,Weight lifting,Female,27,168,Intermediate
Brittany,Williams,Weight lifting,Male,21,208,Intermediate
Aaron,Warren,Kickball,Female,25,310,Amateur
John,Jones,Tennis,Female,24,208,Semi-Professional
Adrienne,Ruiz,Baseball,Male,39,61,Semi-Professional
Felicia,Williams,Baseball,Female,29,188,Amateur
Anthony,Smith,Baseball,Male,32,133,Semi-Professional
Daniel,Fisher,Basketball,Female,38,451,Professional
Teresa,Jackson,Water Skiing,Male,18,273,Semi-Professional
Jennifer,Flynn,Softball,Female,34,339,Amateur
Brian,Walker,Basketball,Female,22,420,Semi-Professional
Sean,Cross,Soccer,Male,25,219,Professional
Heather,Booker,Basketball,Male,33,274,Amateur
Jacob,Ramos,Hockey,Female,39,428,Intermediate
Steven,Russell,Kickball,Male,39,333,Semi-Professional
Nathan,Crawford,Basketball,Female,23,185,Professional
Richard,Taylor,Weight lifting,Male,20,491,Intermediate
Jenny,Reed,Basketball,Male,29,396,Intermediate
Eddie,Morrison,Hockey,Male,26,396,Amateur
Darren,Payne,Softball,Female,41,107,Professional
Connie,Robinson,Soccer,Male,39,156,Amateur
William,Farmer,Football,Female,36,227,Amateur
Amanda,Coleman,Soccer,Female,36,109,Intermediate
Courtney,Smith,Water Skiing,Male,18,350,Intermediate
Judy,Wood,Baseball,Female,26,415,Amateur
Amber,Schwartz,Baseball,Female,36,408,Professional
Christopher,Daniels,Soccer,Female,37,232,Amateur
Jessica,Stewart,Water Skiing,Female,29,118,Intermediate
Jack,Howell,Kickball,Male,22,124,Intermediate
David,Munoz,Baseball,Male,28,59,Professional
Charlene,Davis,Tennis,Male,27,430,Intermediate
Thomas,Weeks,Tennis,Male,35,461,Professional
David,Thomas,Kickball,Male,29,422,Amateur
Christopher,Davis,Hockey,Male,26,74,Intermediate
Edward,Nelson,Water Skiing,Male,31,235,Amateur
Stacey,Welch,Soccer,Male,37,480,Amateur
Dana,Frederick,Softball,Female,22,361,Professional
Michael,Pitts,Baseball,Female,21,5,Intermediate
Brian,Freeman,Water Skiing,Female,41,354,Professional
Rachel,Craig,Tennis,Male,27,1,Semi-Professional
Sergio,Riley,Baseball,Male,27,154,Semi-Professional
Jose,Williams,Water Skiing,Female,38,448,Semi-Professional
Alexander,Hughes,Basketball,Female,21,372,Intermediate
Patrick,Compton,Weight lifting,Female,25,417,Professional
Monica,Williams,Water Skiing,Female,37,283,Professional
Terri,Johnson,Soccer,Male,37,495,Semi-Professional
Tammy,Berg,Baseball,Female,22,125,Intermediate
Jodi,Baker,Hockey,Male,32,33,Amateur
Brandon,Ortiz,Hockey,Male,34,207,Professional
Jessica,Lee,Football,Male,18,159,Amateur
Teresa,Knox,Football,Male,29,221,Semi-Professional
James,Gibson,Hockey,Female,18,243,Amateur
Catherine,Taylor,Weight lifting,Male,26,336,Amateur
Caitlin,Johnston,Kickball,Male,41,138,Professional
Emily,Mccullough,Hockey,Male,31,488,Professional
Jacob,Franco,Football,Male,38,167,Professional
Linda,Cox,Baseball,Male,32,43,Professional
Travis,Jones,Tennis,Male,19,134,Amateur
Brandi,Maldonado,Basketball,Male,36,278,Semi-Professional
Stanley,Wong,Weight lifting,Male,23,8,Professional
Ashley,Dunn,Water Skiing,Male,40,274,Semi-Professional
Tyler,Robinson,Water Skiing,Female,18,500,Amateur
Larry,Figueroa,Kickball,Male,33,258,Semi-Professional
Stephen,Rich,Basketball,Female,22,197,Professional
Lori,Wells,Weight lifting,Female,28,24,Amateur
Diana,Watson,Water Skiing,Female,19,179,Intermediate
Larry,Flores,Weight lifting,Female,38,135,Amateur
Eric,Clarke,Water Skiing,Male,29,466,Amateur
Kenneth,Williams,Baseball,Female,24,103,Intermediate
Megan,Fritz,Hockey,Male,19,291,Intermediate
Ashley,Cross,Basketball,Female,29,47,Professional
Angela,Gibson,Basketball,Female,32,467,Intermediate
Raymond,Evans,Weight lifting,Male,24,208,Amateur
Courtney,Russo,Water Skiing,Male,38,350,Professional
Alexis,Bryant,Kickball,Female,39,98,Amateur
Mariah,Williams,Baseball,Male,23,181,Amateur
Juan,Cervantes,Baseball,Female,27,427,Professional
Cassandra,Williams,Soccer,Male,27,494,Amateur
Erik,Delacruz,Weight lifting,Female,41,453,Intermediate
Melissa,King,Football,Female,21,260,Intermediate
Alyssa,Robinson,Football,Female,23,81,Amateur
Matthew,Wells,Soccer,Female,23,254,Amateur
Sandra,Chen,Weight lifting,Female,32,143,Professional
Joseph,Lowe,Hockey,Male,22,104,Semi-Professional
Pamela,Smith,Kickball,Female,28,96,Amateur
Cheryl,Compton,Baseball,Female,28,228,Amateur
Megan,Cuevas,Soccer,Male,41,180,Intermediate
Emily,Rodriguez,Baseball,Male,33,238,Semi-Professional
Michael,Parsons,Basketball,Male,40,355,Professional
Yolanda,Rogers,Basketball,Male,32,41,Intermediate
Christine,Sweeney,Kickball,Male,18,75,Professional
Robert,King,Soccer,Male,37,65,Semi-Professional
Keith,Rivera,Tennis,Female,28,123,Semi-Professional
Alice,Green,Kickball,Male,35,302,Semi-Professional
Dan,Frederick,Weight lifting,Male,39,66,Professional
Corey,Thomas,Softball,Male,39,79,Professional
Tina,Maxwell,Football,Male,35,293,Professional
Robert,Thomas,Kickball,Male,20,480,Professional
Beth,Rios,Football,Male,31,397,Semi-Professional
Jasmine,Freeman,Hockey,Male,38,6,Intermediate
Joe,Wilson,Water Skiing,Male,32,326,Intermediate
Heather,Rogers,Water Skiing,Female,23,384,Amateur
Kimberly,Baker,Weight lifting,Male,20,474,Semi-Professional
Donna,Avery,Football,Female,39,323,Semi-Professional
Alexander,Moore,Baseball,Female,34,80,Amateur
William,Martinez,Softball,Male,41,270,Amateur
Joseph,Schwartz,Weight lifting,Female,21,441,Intermediate
Austin,Johnson,Kickball,Male,28,365,Semi-Professional
Christopher,Powell,Weight lifting,Male,25,350,Intermediate
Noah,Martin,Kickball,Male,22,246,Professional
Sarah,Wells,Football,Male,40,70,Intermediate
Brian,Larson,Soccer,Female,38,144,Semi-Professional
Jasmine,Friedman,Baseball,Female,41,222,Professional
Karen,Lee,Baseball,Female,32,493,Intermediate
Meghan,Price,Football,Male,30,299,Professional
William,Fox,Weight lifting,Female,18,351,Amateur
Robert,Schultz,Weight lifting,Male,41,151,Semi-Professional
Eric,Ochoa,Water Skiing,Female,36,330,Semi-Professional
Jessica,Cruz,Tennis,Female,41,104,Intermediate
Sarah,Mcconnell,Soccer,Male,25,59,Semi-Professional
Hayley,Ward,Weight lifting,Female,19,61,Professional
Angela,Miranda,Baseball,Female,28,105,Semi-Professional
Robert,Vaughn,Hockey,Male,18,286,Amateur
Kimberly,Johnson,Softball,Female,18,20,Intermediate
Rebecca,Smith,Basketball,Male,21,398,Semi-Professional
Erin,Bell,Tennis,Male,41,135,Professional
Mary,Carroll,Basketball,Female,33,109,Intermediate
Lisa,Garrett,Kickball,Female,35,69,Semi-Professional
Luis,Gomez,Kickball,Male,26,42,Amateur
Sharon,Holland,Basketball,Male,26,495,Semi-Professional
Kevin,Fowler,Softball,Male,26,32,Amateur
Courtney,Love,Water Skiing,Male,26,472,Semi-Professional
Gary,Howard,Softball,Female,25,398,Professional
Harold,Brown,Basketball,Female,27,143,Amateur
Tyler,Patton,Weight lifting,Female,36,31,Semi-Professional
Madison,Brown,Water Skiing,Male,39,306,Intermediate
David,Ramos,Kickball,Female,27,106,Amateur
Jocelyn,Ross,Weight lifting,Male,21,327,Professional
Laurie,Brown,Kickball,Male,23,402,Professional
Tiffany,Frazier,Water Skiing,Female,30,130,Professional
Chelsea,Wolf,Weight lifting,Female,40,79,Professional
David,Greene,Water Skiing,Female,41,48,Professional
Jonathan,Brown,Hockey,Male,28,160,Amateur
Kathleen,Black,Softball,Male,18,73,Semi-Professional
David,Cruz,Baseball,Female,19,257,Professional
Allison,Richardson,Basketball,Male,38,398,Semi-Professional
Kayla,Campbell,Tennis,Female,32,369,Intermediate
Elizabeth,Gordon,Basketball,Female,37,39,Amateur
Kelly,Paul,Water Skiing,Female,31,335,Professional
Kenneth,Washington,Water Skiing,Female,28,429,Semi-Professional
Megan,Keller,Hockey,Male,18,217,Amateur
Pamela,Morris,Football,Male,23,226,Intermediate
Angela,Moore,Soccer,Female,19,79,Semi-Professional
Katherine,Griffin,Tennis,Female,30,393,Amateur
James,Glover,Baseball,Female,37,234,Semi-Professional
Kimberly,Watkins,Basketball,Female,29,480,Amateur
Michael,Navarro,Baseball,Male,40,182,Professional
Rebecca,Erickson,Basketball,Male,26,351,Amateur
Jill,Meyer,Tennis,Female,29,457,Amateur
Kim,Cunningham,Softball,Female,25,264,Amateur
Mary,Warren,Basketball,Female,32,33,Intermediate
Kaitlyn,Russell,Tennis,Male,23,52,Professional
Stephanie,Ford,Baseball,Female,18,228,Intermediate
Kelly,Madden,Softball,Male,23,62,Amateur
Carla,Stewart,Soccer,Male,39,373,Professional
Gabriel,Armstrong,Basketball,Male,40,208,Amateur
Donald,Price,Football,Female,36,117,Semi-Professional
Daniel,Wilson,Basketball,Female,33,24,Semi-Professional
Kimberly,Adams,Kickball,Male,24,308,Intermediate
Richard,Rodriguez,Soccer,Female,22,14,Intermediate
Nicole,Carroll,Softball,Male,35,65,Intermediate
Krystal,Gibbs,Hockey,Female,32,478,Amateur
Robert,Vasquez,Baseball,Male,38,375,Semi-Professional
Erin,Suarez,Hockey,Female,29,293,Semi-Professional
Amanda,Thomas,Baseball,Male,32,62,Intermediate
Pedro,Horton,Hockey,Male,24,234,Intermediate